date,season,oni_total_c,oni_anom,roni_anom
1950-01-01,DJF,25.01,-1.32,-1.19
1950-02-01,JFM,25.36,-1.2,-1.08
1950-03-01,FMA,25.88,-1.12,-0.96
1950-04-01,MAM,26.24,-1.08,-1.0
1950-05-01,AMJ,26.35,-1.1,-0.99
1950-06-01,MJJ,26.32,-0.9,-0.75
1950-07-01,JJA,26.24,-0.62,-0.38
1950-08-01,JAS,25.94,-0.57,-0.32
1950-09-01,ASO,25.76,-0.56,-0.29
1950-10-01,SON,25.6,-0.62,-0.38
1950-11-01,OND,25.55,-0.66,-0.36
1950-12-01,NDJ,25.41,-0.79,-0.5
1951-01-01,DJF,25.67,-0.66,-0.28
1951-02-01,JFM,26.2,-0.36,0.09
1951-03-01,FMA,26.96,-0.04,0.48
1951-04-01,MAM,27.48,0.16,0.63
1951-05-01,AMJ,27.72,0.27,0.59
1951-06-01,MJJ,27.72,0.5,0.69
1951-07-01,JJA,27.57,0.71,0.79
1951-08-01,JAS,27.41,0.9,0.97
1951-09-01,ASO,27.34,1.02,1.04
1951-10-01,SON,27.25,1.03,0.98
1951-11-01,OND,27.18,0.96,0.94
1951-12-01,NDJ,26.91,0.71,0.71
1952-01-01,DJF,26.86,0.52,0.65
1952-02-01,JFM,26.82,0.27,0.33
1952-03-01,FMA,27.33,0.33,0.46
1952-04-01,MAM,27.5,0.18,0.24
1952-05-01,AMJ,27.38,-0.07,-0.03
1952-06-01,MJJ,26.78,-0.44,-0.45
1952-07-01,JJA,26.41,-0.45,-0.41
1952-08-01,JAS,26.31,-0.2,-0.14
1952-09-01,ASO,26.35,0.03,0.08
1952-10-01,SON,26.26,0.04,0.04
1952-11-01,OND,26.11,-0.11,-0.1
1952-12-01,NDJ,26.25,0.06,0.1
1953-01-01,DJF,26.58,0.25,0.4
1953-02-01,JFM,27.06,0.5,0.67
1953-03-01,FMA,27.48,0.48,0.68
1953-04-01,MAM,27.88,0.56,0.72
1953-05-01,AMJ,28.22,0.77,0.94
1953-06-01,MJJ,27.96,0.74,0.84
1953-07-01,JJA,27.49,0.63,0.68
1953-08-01,JAS,27.19,0.68,0.73
1953-09-01,ASO,26.91,0.59,0.65
1953-10-01,SON,27.0,0.78,0.84
1953-11-01,OND,26.74,0.52,0.57
1953-12-01,NDJ,26.76,0.56,0.66
1954-01-01,DJF,26.74,0.41,0.63
1954-02-01,JFM,26.91,0.35,0.63
1954-03-01,FMA,27.01,0.01,0.31
1954-04-01,MAM,27.04,-0.27,-0.02
1954-05-01,AMJ,26.97,-0.48,-0.24
1954-06-01,MJJ,26.74,-0.48,-0.21
1954-07-01,JJA,26.18,-0.67,-0.45
1954-08-01,JAS,25.68,-0.83,-0.62
1954-09-01,ASO,25.58,-0.73,-0.54
1954-10-01,SON,25.7,-0.52,-0.31
1954-11-01,OND,25.82,-0.4,-0.09
1954-12-01,NDJ,25.76,-0.44,-0.18
1955-01-01,DJF,25.83,-0.5,-0.12
1955-02-01,JFM,26.08,-0.48,-0.14
1955-03-01,FMA,26.42,-0.58,-0.13
1955-04-01,MAM,26.56,-0.76,-0.38
1955-05-01,AMJ,26.67,-0.78,-0.36
1955-06-01,MJJ,26.34,-0.88,-0.52
1955-07-01,JJA,26.13,-0.72,-0.4
1955-08-01,JAS,25.59,-0.92,-0.7
1955-09-01,ASO,25.21,-1.11,-0.9
1955-10-01,SON,24.78,-1.44,-1.31
1955-11-01,OND,24.63,-1.59,-1.4
1955-12-01,NDJ,24.73,-1.51,-1.31
1956-01-01,DJF,25.2,-1.17,-0.81
1956-02-01,JFM,25.82,-0.81,-0.4
1956-03-01,FMA,26.47,-0.57,-0.12
1956-04-01,MAM,26.84,-0.51,-0.09
1956-05-01,AMJ,27.0,-0.49,-0.03
1956-06-01,MJJ,26.81,-0.47,-0.01
1956-07-01,JJA,26.37,-0.55,-0.15
1956-08-01,JAS,26.02,-0.52,-0.18
1956-09-01,ASO,25.9,-0.43,-0.12
1956-10-01,SON,25.85,-0.39,-0.14
1956-11-01,OND,25.87,-0.37,-0.14
1956-12-01,NDJ,25.87,-0.39,-0.17
1957-01-01,DJF,26.11,-0.27,0.0
1957-02-01,JFM,26.57,-0.06,0.22
1957-03-01,FMA,27.3,0.26,0.53
1957-04-01,MAM,27.99,0.63,0.83
1957-05-01,AMJ,28.21,0.72,0.88
1957-06-01,MJJ,28.09,0.82,0.9
1957-07-01,JJA,27.88,0.96,1.03
1957-08-01,JAS,27.57,1.03,1.05
1957-09-01,ASO,27.45,1.12,1.14
1957-10-01,SON,27.38,1.15,1.16
1957-11-01,OND,27.63,1.39,1.45
1957-12-01,NDJ,27.87,1.62,1.75
1958-01-01,DJF,28.07,1.69,1.89
1958-02-01,JFM,28.21,1.59,1.79
1958-03-01,FMA,28.21,1.17,1.31
1958-04-01,MAM,28.2,0.84,0.95
1958-05-01,AMJ,28.06,0.57,0.66
1958-06-01,MJJ,27.77,0.49,0.56
1958-07-01,JJA,27.36,0.43,0.45
1958-08-01,JAS,26.86,0.32,0.26
1958-09-01,ASO,26.61,0.28,0.23
1958-10-01,SON,26.53,0.3,0.24
1958-11-01,OND,26.6,0.36,0.36
1958-12-01,NDJ,26.82,0.56,0.64
1959-01-01,DJF,26.99,0.6,0.77
1959-02-01,JFM,27.27,0.64,0.83
1959-03-01,FMA,27.51,0.48,0.64
1959-04-01,MAM,27.75,0.39,0.48
1959-05-01,AMJ,27.73,0.24,0.33
1959-06-01,MJJ,27.29,0.02,0.09
1959-07-01,JJA,26.74,-0.19,-0.11
1959-08-01,JAS,26.31,-0.23,-0.23
1959-09-01,ASO,26.29,-0.04,-0.07
1959-10-01,SON,26.34,0.11,0.04
1959-11-01,OND,26.47,0.23,0.24
1959-12-01,NDJ,26.4,0.14,0.22
1960-01-01,DJF,26.4,0.02,0.2
1960-02-01,JFM,26.65,0.03,0.19
1960-03-01,FMA,27.1,0.06,0.21
1960-04-01,MAM,27.52,0.17,0.25
1960-05-01,AMJ,27.53,0.04,0.16
1960-06-01,MJJ,27.27,0.0,0.06
1960-07-01,JJA,26.93,0.01,0.12
1960-08-01,JAS,26.69,0.15,0.2
1960-09-01,ASO,26.52,0.19,0.26
1960-10-01,SON,26.32,0.08,0.08
1960-11-01,OND,26.17,-0.07,-0.07
1960-12-01,NDJ,26.16,-0.07,-0.09
1961-01-01,DJF,26.34,0.0,0.03
1961-02-01,JFM,26.6,0.03,0.08
1961-03-01,FMA,26.98,0.01,0.03
1961-04-01,MAM,27.33,0.05,0.06
1961-05-01,AMJ,27.62,0.22,0.24
1961-06-01,MJJ,27.41,0.22,0.3
1961-07-01,JJA,26.94,0.08,0.2
1961-08-01,JAS,26.32,-0.2,-0.07
1961-09-01,ASO,26.01,-0.32,-0.23
1961-10-01,SON,26.02,-0.22,-0.16
1961-11-01,OND,26.09,-0.11,-0.06
1961-12-01,NDJ,26.14,-0.05,0.02
1962-01-01,DJF,26.16,-0.16,-0.01
1962-02-01,JFM,26.4,-0.17,-0.01
1962-03-01,FMA,26.83,-0.15,0.0
1962-04-01,MAM,27.09,-0.2,-0.16
1962-05-01,AMJ,27.21,-0.19,-0.17
1962-06-01,MJJ,27.06,-0.13,-0.14
1962-07-01,JJA,26.85,0.0,0.01
1962-08-01,JAS,26.42,-0.1,-0.1
1962-09-01,ASO,26.17,-0.16,-0.15
1962-10-01,SON,25.98,-0.25,-0.3
1962-11-01,OND,25.95,-0.25,-0.29
1962-12-01,NDJ,25.87,-0.32,-0.37
1963-01-01,DJF,25.98,-0.33,-0.29
1963-02-01,JFM,26.4,-0.17,-0.12
1963-03-01,FMA,26.99,0.01,0.04
1963-04-01,MAM,27.41,0.13,0.06
1963-05-01,AMJ,27.52,0.12,0.01
1963-06-01,MJJ,27.64,0.45,0.37
1963-07-01,JJA,27.61,0.76,0.73
1963-08-01,JAS,27.61,1.09,1.08
1963-09-01,ASO,27.42,1.09,1.07
1963-10-01,SON,27.37,1.13,1.06
1963-11-01,OND,27.39,1.19,1.11
1963-12-01,NDJ,27.33,1.13,1.07
1964-01-01,DJF,27.26,0.95,1.0
1964-02-01,JFM,27.09,0.52,0.6
1964-03-01,FMA,27.04,0.06,0.1
1964-04-01,MAM,26.93,-0.35,-0.37
1964-05-01,AMJ,26.8,-0.6,-0.66
1964-06-01,MJJ,26.53,-0.66,-0.66
1964-07-01,JJA,26.19,-0.67,-0.59
1964-08-01,JAS,25.82,-0.7,-0.55
1964-09-01,ASO,25.6,-0.72,-0.53
1964-10-01,SON,25.44,-0.8,-0.64
1964-11-01,OND,25.41,-0.79,-0.58
1964-12-01,NDJ,25.45,-0.75,-0.48
1965-01-01,DJF,25.8,-0.51,-0.16
1965-02-01,JFM,26.32,-0.25,0.1
1965-03-01,FMA,26.93,-0.04,0.22
1965-04-01,MAM,27.45,0.16,0.36
1965-05-01,AMJ,27.86,0.47,0.64
1965-06-01,MJJ,27.98,0.79,1.01
1965-07-01,JJA,27.95,1.1,1.33
1965-08-01,JAS,27.79,1.27,1.49
1965-09-01,ASO,27.87,1.55,1.76
1965-10-01,SON,27.93,1.7,1.86
1965-11-01,OND,28.02,1.82,1.99
1965-12-01,NDJ,27.83,1.6,1.81
1966-01-01,DJF,27.61,1.24,1.53
1966-02-01,JFM,27.6,0.95,1.29
1966-03-01,FMA,27.79,0.76,1.04
1966-04-01,MAM,27.77,0.43,0.59
1966-05-01,AMJ,27.68,0.24,0.31
1966-06-01,MJJ,27.44,0.18,0.22
1966-07-01,JJA,27.18,0.25,0.32
1966-08-01,JAS,26.73,0.13,0.19
1966-09-01,ASO,26.34,-0.09,0.0
1966-10-01,SON,26.27,-0.12,-0.03
1966-11-01,OND,26.17,-0.23,-0.12
1966-12-01,NDJ,26.02,-0.35,-0.22
1967-01-01,DJF,25.97,-0.46,-0.26
1967-02-01,JFM,26.18,-0.48,-0.24
1967-03-01,FMA,26.53,-0.5,-0.35
1967-04-01,MAM,26.97,-0.37,-0.31
1967-05-01,AMJ,27.3,-0.15,-0.09
1967-06-01,MJJ,27.31,0.05,0.21
1967-07-01,JJA,26.92,-0.02,0.25
1967-08-01,JAS,26.33,-0.26,-0.01
1967-09-01,ASO,26.03,-0.4,-0.11
1967-10-01,SON,25.99,-0.4,-0.08
1967-11-01,OND,26.03,-0.36,0.01
1967-12-01,NDJ,25.95,-0.42,-0.03
1968-01-01,DJF,25.81,-0.62,-0.23
1968-02-01,JFM,25.92,-0.73,-0.36
1968-03-01,FMA,26.41,-0.63,-0.32
1968-04-01,MAM,26.85,-0.48,-0.26
1968-05-01,AMJ,27.35,-0.1,0.07
1968-06-01,MJJ,27.43,0.17,0.32
1968-07-01,JJA,27.37,0.44,0.56
1968-08-01,JAS,26.97,0.38,0.46
1968-09-01,ASO,26.78,0.34,0.39
1968-10-01,SON,26.9,0.5,0.56
1968-11-01,OND,27.06,0.66,0.74
1968-12-01,NDJ,27.3,0.93,1.02
1969-01-01,DJF,27.42,0.98,1.07
1969-02-01,JFM,27.63,0.98,1.0
1969-03-01,FMA,27.8,0.77,0.67
1969-04-01,MAM,28.02,0.69,0.44
1969-05-01,AMJ,28.06,0.62,0.37
1969-06-01,MJJ,27.74,0.48,0.3
1969-07-01,JJA,27.3,0.37,0.28
1969-08-01,JAS,27.0,0.41,0.34
1969-09-01,ASO,27.04,0.61,0.57
1969-10-01,SON,27.11,0.71,0.67
1969-11-01,OND,27.21,0.81,0.81
1969-12-01,NDJ,27.08,0.71,0.68
1970-01-01,DJF,26.89,0.46,0.46
1970-02-01,JFM,26.89,0.23,0.21
1970-03-01,FMA,27.27,0.23,0.24
1970-04-01,MAM,27.61,0.28,0.24
1970-05-01,AMJ,27.56,0.11,0.12
1970-06-01,MJJ,27.0,-0.26,-0.23
1970-07-01,JJA,26.38,-0.55,-0.47
1970-08-01,JAS,25.88,-0.72,-0.64
1970-09-01,ASO,25.74,-0.69,-0.55
1970-10-01,SON,25.67,-0.72,-0.57
1970-11-01,OND,25.61,-0.78,-0.55
1970-12-01,NDJ,25.29,-1.1,-0.85
1971-01-01,DJF,25.17,-1.29,-0.95
1971-02-01,JFM,25.34,-1.36,-1.0
1971-03-01,FMA,25.97,-1.08,-0.78
1971-04-01,MAM,26.55,-0.81,-0.57
1971-05-01,AMJ,26.76,-0.72,-0.48
1971-06-01,MJJ,26.62,-0.69,-0.37
1971-07-01,JJA,26.3,-0.68,-0.3
1971-08-01,JAS,26.05,-0.6,-0.25
1971-09-01,ASO,25.81,-0.68,-0.3
1971-10-01,SON,25.68,-0.78,-0.4
1971-11-01,OND,25.59,-0.86,-0.41
1971-12-01,NDJ,25.65,-0.78,-0.38
1972-01-01,DJF,25.92,-0.57,-0.21
1972-02-01,JFM,26.42,-0.27,0.03
1972-03-01,FMA,27.09,0.04,0.32
1972-04-01,MAM,27.61,0.25,0.51
1972-05-01,AMJ,27.96,0.48,0.66
1972-06-01,MJJ,28.0,0.7,0.87
1972-07-01,JJA,27.98,1.0,1.14
1972-08-01,JAS,27.91,1.26,1.4
1972-09-01,ASO,27.98,1.49,1.64
1972-10-01,SON,28.14,1.69,1.82
1972-11-01,OND,28.3,1.84,1.97
1972-12-01,NDJ,28.2,1.77,1.88
1973-01-01,DJF,28.03,1.55,1.69
1973-02-01,JFM,27.82,1.13,1.25
1973-03-01,FMA,27.61,0.56,0.58
1973-04-01,MAM,27.33,-0.03,-0.17
1973-05-01,AMJ,26.97,-0.51,-0.73
1973-06-01,MJJ,26.51,-0.8,-0.98
1973-07-01,JJA,25.99,-0.99,-1.1
1973-08-01,JAS,25.54,-1.11,-1.19
1973-09-01,ASO,25.23,-1.26,-1.3
1973-10-01,SON,24.87,-1.58,-1.63
1973-11-01,OND,24.57,-1.89,-1.86
1973-12-01,NDJ,24.39,-2.04,-1.91
1974-01-01,DJF,24.61,-1.87,-1.6
1974-02-01,JFM,25.1,-1.59,-1.28
1974-03-01,FMA,25.82,-1.24,-0.97
1974-04-01,MAM,26.37,-0.99,-0.84
1974-05-01,AMJ,26.77,-0.71,-0.57
1974-06-01,MJJ,26.67,-0.64,-0.5
1974-07-01,JJA,26.52,-0.46,-0.27
1974-08-01,JAS,26.25,-0.4,-0.21
1974-09-01,ASO,26.02,-0.47,-0.24
1974-10-01,SON,25.76,-0.69,-0.45
1974-11-01,OND,25.57,-0.88,-0.59
1974-12-01,NDJ,25.72,-0.71,-0.35
1975-01-01,DJF,25.92,-0.56,-0.12
1975-02-01,JFM,26.15,-0.55,-0.13
1975-03-01,FMA,26.44,-0.61,-0.29
1975-04-01,MAM,26.7,-0.66,-0.42
1975-05-01,AMJ,26.68,-0.8,-0.61
1975-06-01,MJJ,26.39,-0.92,-0.73
1975-07-01,JJA,25.9,-1.08,-0.87
1975-08-01,JAS,25.54,-1.12,-0.88
1975-09-01,ASO,25.2,-1.29,-0.98
1975-10-01,SON,25.14,-1.32,-0.95
1975-11-01,OND,24.98,-1.47,-1.02
1975-12-01,NDJ,24.84,-1.58,-1.11
1976-01-01,DJF,24.98,-1.49,-1.0
1976-02-01,JFM,25.55,-1.11,-0.65
1976-03-01,FMA,26.37,-0.65,-0.26
1976-04-01,MAM,26.87,-0.45,-0.14
1976-05-01,AMJ,27.21,-0.23,0.01
1976-06-01,MJJ,27.28,0.0,0.27
1976-07-01,JJA,27.21,0.23,0.52
1976-08-01,JAS,27.09,0.4,0.72
1976-09-01,ASO,27.13,0.6,0.89
1976-10-01,SON,27.28,0.79,1.04
1976-11-01,OND,27.28,0.81,1.05
1976-12-01,NDJ,27.28,0.84,1.08
1977-01-01,DJF,27.19,0.71,0.96
1977-02-01,JFM,27.33,0.66,0.89
1977-03-01,FMA,27.35,0.33,0.46
1977-04-01,MAM,27.58,0.26,0.32
1977-05-01,AMJ,27.7,0.26,0.25
1977-06-01,MJJ,27.75,0.46,0.51
1977-07-01,JJA,27.37,0.39,0.48
1977-08-01,JAS,27.04,0.35,0.48
1977-09-01,ASO,26.97,0.45,0.62
1977-10-01,SON,27.17,0.68,0.89
1977-11-01,OND,27.31,0.84,1.1
1977-12-01,NDJ,27.25,0.82,1.05
1978-01-01,DJF,27.18,0.71,0.96
1978-02-01,JFM,27.19,0.52,0.71
1978-03-01,FMA,27.19,0.17,0.26
1978-04-01,MAM,27.26,-0.06,-0.07
1978-05-01,AMJ,27.17,-0.28,-0.33
1978-06-01,MJJ,27.05,-0.24,-0.25
1978-07-01,JJA,26.61,-0.37,-0.32
1978-08-01,JAS,26.32,-0.37,-0.27
1978-09-01,ASO,26.08,-0.44,-0.27
1978-10-01,SON,26.22,-0.27,-0.08
1978-11-01,OND,26.4,-0.07,0.15
1978-12-01,NDJ,26.54,0.11,0.27
1979-01-01,DJF,26.67,0.19,0.35
1979-02-01,JFM,26.88,0.21,0.3
1979-03-01,FMA,27.31,0.29,0.3
1979-04-01,MAM,27.64,0.32,0.23
1979-05-01,AMJ,27.73,0.29,0.13
1979-06-01,MJJ,27.43,0.14,0.03
1979-07-01,JJA,27.07,0.09,0.04
1979-08-01,JAS,26.91,0.22,0.26
1979-09-01,ASO,26.86,0.34,0.41
1979-10-01,SON,26.96,0.47,0.52
1979-11-01,OND,26.97,0.5,0.52
1979-12-01,NDJ,27.07,0.64,0.64
1980-01-01,DJF,27.09,0.62,0.65
1980-02-01,JFM,27.14,0.47,0.45
1980-03-01,FMA,27.37,0.35,0.25
1980-04-01,MAM,27.67,0.34,0.14
1980-05-01,AMJ,27.9,0.45,0.27
1980-06-01,MJJ,27.68,0.4,0.28
1980-07-01,JJA,27.16,0.18,0.14
1980-08-01,JAS,26.62,-0.06,-0.1
1980-09-01,ASO,26.36,-0.17,-0.18
1980-10-01,SON,26.42,-0.07,-0.06
1980-11-01,OND,26.55,0.08,0.14
1980-12-01,NDJ,26.44,-0.05,0.09
1981-01-01,DJF,26.31,-0.27,-0.03
1981-02-01,JFM,26.4,-0.42,-0.18
1981-03-01,FMA,26.76,-0.41,-0.28
1981-04-01,MAM,27.21,-0.27,-0.24
1981-05-01,AMJ,27.3,-0.28,-0.3
1981-06-01,MJJ,27.12,-0.27,-0.26
1981-07-01,JJA,26.77,-0.28,-0.23
1981-08-01,JAS,26.51,-0.23,-0.16
1981-09-01,ASO,26.49,-0.08,-0.02
1981-10-01,SON,26.38,-0.16,-0.17
1981-11-01,OND,26.34,-0.19,-0.21
1981-12-01,NDJ,26.4,-0.14,-0.08
1982-01-01,DJF,26.55,-0.05,0.11
1982-02-01,JFM,26.83,0.02,0.22
1982-03-01,FMA,27.23,0.07,0.23
1982-04-01,MAM,27.82,0.34,0.46
1982-05-01,AMJ,28.23,0.65,0.74
1982-06-01,MJJ,28.12,0.73,0.84
1982-07-01,JJA,27.82,0.78,0.89
1982-08-01,JAS,27.72,0.99,1.14
1982-09-01,ASO,28.02,1.45,1.64
1982-10-01,SON,28.36,1.82,2.03
1982-11-01,OND,28.56,2.03,2.24
1982-12-01,NDJ,28.66,2.12,2.36
1983-01-01,DJF,28.74,2.14,2.4
1983-02-01,JFM,28.73,1.91,2.15
1983-03-01,FMA,28.69,1.52,1.67
1983-04-01,MAM,28.7,1.23,1.3
1983-05-01,AMJ,28.53,0.95,0.87
1983-06-01,MJJ,28.01,0.62,0.47
1983-07-01,JJA,27.29,0.25,0.03
1983-08-01,JAS,26.67,-0.06,-0.23
1983-09-01,ASO,26.14,-0.43,-0.59
1983-10-01,SON,25.78,-0.76,-0.9
1983-11-01,OND,25.56,-0.96,-1.1
1983-12-01,NDJ,25.65,-0.89,-0.96
1984-01-01,DJF,25.97,-0.63,-0.63
1984-02-01,JFM,26.3,-0.51,-0.52
1984-03-01,FMA,26.78,-0.38,-0.45
1984-04-01,MAM,27.0,-0.47,-0.59
1984-05-01,AMJ,27.04,-0.55,-0.62
1984-06-01,MJJ,26.87,-0.52,-0.51
1984-07-01,JJA,26.65,-0.39,-0.32
1984-08-01,JAS,26.51,-0.22,-0.17
1984-09-01,ASO,26.25,-0.32,-0.28
1984-10-01,SON,25.92,-0.62,-0.61
1984-11-01,OND,25.57,-0.95,-0.88
1984-12-01,NDJ,25.48,-1.06,-0.93
1985-01-01,DJF,25.59,-1.01,-0.83
1985-02-01,JFM,25.95,-0.86,-0.68
1985-03-01,FMA,26.31,-0.85,-0.75
1985-04-01,MAM,26.67,-0.8,-0.76
1985-05-01,AMJ,26.8,-0.79,-0.77
1985-06-01,MJJ,26.79,-0.6,-0.55
1985-07-01,JJA,26.6,-0.44,-0.33
1985-08-01,JAS,26.41,-0.33,-0.2
1985-09-01,ASO,26.26,-0.31,-0.16
1985-10-01,SON,26.24,-0.3,-0.18
1985-11-01,OND,26.25,-0.28,-0.14
1985-12-01,NDJ,26.15,-0.36,-0.21
1986-01-01,DJF,26.15,-0.4,-0.26
1986-02-01,JFM,26.38,-0.38,-0.27
1986-03-01,FMA,26.89,-0.25,-0.19
1986-04-01,MAM,27.31,-0.17,-0.14
1986-05-01,AMJ,27.5,-0.09,-0.11
1986-06-01,MJJ,27.42,0.02,-0.01
1986-07-01,JJA,27.29,0.24,0.26
1986-08-01,JAS,27.22,0.46,0.57
1986-09-01,ASO,27.24,0.64,0.79
1986-10-01,SON,27.42,0.86,1.0
1986-11-01,OND,27.57,1.06,1.22
1986-12-01,NDJ,27.69,1.21,1.42
1987-01-01,DJF,27.72,1.18,1.46
1987-02-01,JFM,27.89,1.13,1.35
1987-03-01,FMA,28.16,1.02,1.14
1987-04-01,MAM,28.42,0.94,0.93
1987-05-01,AMJ,28.53,0.95,0.85
1987-06-01,MJJ,28.51,1.11,0.94
1987-07-01,JJA,28.35,1.3,1.11
1987-08-01,JAS,28.23,1.46,1.3
1987-09-01,ASO,28.1,1.49,1.34
1987-10-01,SON,27.97,1.41,1.2
1987-11-01,OND,27.72,1.2,0.98
1987-12-01,NDJ,27.49,1.0,0.8
1988-01-01,DJF,27.17,0.63,0.45
1988-02-01,JFM,27.13,0.37,0.11
1988-03-01,FMA,27.11,-0.03,-0.4
1988-04-01,MAM,27.03,-0.45,-0.91
1988-05-01,AMJ,26.6,-0.99,-1.49
1988-06-01,MJJ,26.09,-1.3,-1.74
1988-07-01,JJA,25.75,-1.3,-1.64
1988-08-01,JAS,25.63,-1.14,-1.36
1988-09-01,ASO,25.34,-1.27,-1.44
1988-10-01,SON,25.01,-1.54,-1.71
1988-11-01,OND,24.7,-1.81,-1.95
1988-12-01,NDJ,24.64,-1.85,-1.94
1989-01-01,DJF,24.91,-1.64,-1.64
1989-02-01,JFM,25.39,-1.38,-1.37
1989-03-01,FMA,26.05,-1.09,-1.11
1989-04-01,MAM,26.63,-0.85,-0.89
1989-05-01,AMJ,26.98,-0.61,-0.65
1989-06-01,MJJ,27.0,-0.4,-0.43
1989-07-01,JJA,26.68,-0.37,-0.41
1989-08-01,JAS,26.41,-0.36,-0.38
1989-09-01,ASO,26.28,-0.33,-0.31
1989-10-01,SON,26.31,-0.25,-0.23
1989-11-01,OND,26.39,-0.12,-0.08
1989-12-01,NDJ,26.45,-0.04,0.06
1990-01-01,DJF,26.73,0.18,0.32
1990-02-01,JFM,26.95,0.19,0.3
1990-03-01,FMA,27.44,0.3,0.32
1990-04-01,MAM,27.75,0.27,0.26
1990-05-01,AMJ,27.84,0.25,0.19
1990-06-01,MJJ,27.65,0.25,0.2
1990-07-01,JJA,27.31,0.26,0.21
1990-08-01,JAS,27.08,0.32,0.33
1990-09-01,ASO,26.92,0.31,0.33
1990-10-01,SON,26.83,0.27,0.27
1990-11-01,OND,26.82,0.31,0.3
1990-12-01,NDJ,26.88,0.34,0.43
1991-01-01,DJF,26.99,0.35,0.57
1991-02-01,JFM,27.16,0.26,0.53
1991-03-01,FMA,27.5,0.23,0.42
1991-04-01,MAM,27.9,0.29,0.42
1991-05-01,AMJ,28.21,0.49,0.56
1991-06-01,MJJ,28.18,0.63,0.7
1991-07-01,JJA,27.97,0.77,0.86
1991-08-01,JAS,27.6,0.67,0.83
1991-09-01,ASO,27.49,0.72,1.01
1991-10-01,SON,27.57,0.83,1.2
1991-11-01,OND,27.89,1.18,1.66
1991-12-01,NDJ,28.09,1.43,1.97
1992-01-01,DJF,28.24,1.54,2.12
1992-02-01,JFM,28.4,1.5,2.08
1992-03-01,FMA,28.67,1.4,1.94
1992-04-01,MAM,28.91,1.3,1.76
1992-05-01,AMJ,28.8,1.08,1.4
1992-06-01,MJJ,28.27,0.72,0.93
1992-07-01,JJA,27.55,0.35,0.52
1992-08-01,JAS,27.0,0.08,0.3
1992-09-01,ASO,26.63,-0.15,0.13
1992-10-01,SON,26.52,-0.22,0.1
1992-11-01,OND,26.47,-0.24,0.12
1992-12-01,NDJ,26.62,-0.05,0.35
1993-01-01,DJF,26.82,0.13,0.55
1993-02-01,JFM,27.21,0.31,0.7
1993-03-01,FMA,27.76,0.5,0.86
1993-04-01,MAM,28.34,0.73,1.06
1993-05-01,AMJ,28.48,0.76,1.0
1993-06-01,MJJ,28.11,0.56,0.77
1993-07-01,JJA,27.48,0.28,0.45
1993-08-01,JAS,27.14,0.22,0.46
1993-09-01,ASO,26.98,0.2,0.48
1993-10-01,SON,26.95,0.2,0.46
1993-11-01,OND,26.9,0.2,0.44
1993-12-01,NDJ,26.85,0.19,0.42
1994-01-01,DJF,26.77,0.07,0.33
1994-02-01,JFM,26.9,0.0,0.24
1994-03-01,FMA,27.31,0.04,0.23
1994-04-01,MAM,27.78,0.17,0.32
1994-05-01,AMJ,27.97,0.25,0.4
1994-06-01,MJJ,27.78,0.23,0.41
1994-07-01,JJA,27.51,0.3,0.53
1994-08-01,JAS,27.22,0.3,0.6
1994-09-01,ASO,27.25,0.47,0.79
1994-10-01,SON,27.4,0.66,0.97
1994-11-01,OND,27.64,0.93,1.23
1994-12-01,NDJ,27.64,0.97,1.28
1995-01-01,DJF,27.58,0.88,1.17
1995-02-01,JFM,27.56,0.65,0.86
1995-03-01,FMA,27.73,0.46,0.55
1995-04-01,MAM,27.8,0.19,0.2
1995-05-01,AMJ,27.75,0.03,-0.07
1995-06-01,MJJ,27.43,-0.11,-0.23
1995-07-01,JJA,26.91,-0.3,-0.41
1995-08-01,JAS,26.38,-0.55,-0.57
1995-09-01,ASO,25.97,-0.81,-0.76
1995-10-01,SON,25.78,-0.97,-0.93
1995-11-01,OND,25.66,-1.05,-1.02
1995-12-01,NDJ,25.64,-1.01,-0.99
1996-01-01,DJF,25.78,-0.88,-0.87
1996-02-01,JFM,26.15,-0.7,-0.75
1996-03-01,FMA,26.72,-0.52,-0.58
1996-04-01,MAM,27.25,-0.36,-0.37
1996-05-01,AMJ,27.48,-0.25,-0.25
1996-06-01,MJJ,27.3,-0.24,-0.24
1996-07-01,JJA,26.99,-0.22,-0.2
1996-08-01,JAS,26.65,-0.27,-0.2
1996-09-01,ASO,26.45,-0.3,-0.2
1996-10-01,SON,26.35,-0.33,-0.25
1996-11-01,OND,26.24,-0.39,-0.3
1996-12-01,NDJ,26.18,-0.41,-0.29
1997-01-01,DJF,26.23,-0.41,-0.21
1997-02-01,JFM,26.59,-0.26,-0.03
1997-03-01,FMA,27.21,-0.03,0.17
1997-04-01,MAM,27.9,0.3,0.47
1997-05-01,AMJ,28.44,0.71,0.83
1997-06-01,MJJ,28.67,1.13,1.2
1997-07-01,JJA,28.69,1.48,1.5
1997-08-01,JAS,28.7,1.79,1.84
1997-09-01,ASO,28.78,2.04,2.07
1997-10-01,SON,28.92,2.24,2.22
1997-11-01,OND,28.97,2.34,2.25
1997-12-01,NDJ,28.96,2.37,2.28
1998-01-01,DJF,28.85,2.22,2.13
1998-02-01,JFM,28.76,1.91,1.82
1998-03-01,FMA,28.64,1.4,1.22
1998-04-01,MAM,28.63,1.03,0.81
1998-05-01,AMJ,28.13,0.4,0.07
1998-06-01,MJJ,27.46,-0.08,-0.46
1998-07-01,JJA,26.57,-0.63,-1.05
1998-08-01,JAS,26.08,-0.83,-1.14
1998-09-01,ASO,25.73,-1.02,-1.24
1998-10-01,SON,25.56,-1.12,-1.33
1998-11-01,OND,25.32,-1.31,-1.51
1998-12-01,NDJ,25.12,-1.47,-1.61
1999-01-01,DJF,25.12,-1.51,-1.56
1999-02-01,JFM,25.6,-1.25,-1.28
1999-03-01,FMA,26.31,-0.93,-0.99
1999-04-01,MAM,26.8,-0.8,-0.88
1999-05-01,AMJ,26.94,-0.79,-0.81
1999-06-01,MJJ,26.7,-0.84,-0.82
1999-07-01,JJA,26.3,-0.9,-0.83
1999-08-01,JAS,25.97,-0.94,-0.86
1999-09-01,ASO,25.75,-1.0,-0.87
1999-10-01,SON,25.55,-1.13,-1.06
1999-11-01,OND,25.27,-1.35,-1.33
1999-12-01,NDJ,25.06,-1.53,-1.56
2000-01-01,DJF,25.17,-1.47,-1.5
2000-02-01,JFM,25.59,-1.26,-1.31
2000-03-01,FMA,26.26,-0.98,-1.06
2000-04-01,MAM,26.79,-0.81,-0.88
2000-05-01,AMJ,27.06,-0.67,-0.68
2000-06-01,MJJ,26.92,-0.62,-0.54
2000-07-01,JJA,26.73,-0.48,-0.35
2000-08-01,JAS,26.52,-0.4,-0.29
2000-09-01,ASO,26.33,-0.42,-0.36
2000-10-01,SON,26.14,-0.54,-0.55
2000-11-01,OND,25.87,-0.76,-0.79
2000-12-01,NDJ,25.78,-0.78,-0.82
2001-01-01,DJF,25.82,-0.76,-0.79
2001-02-01,JFM,26.25,-0.54,-0.62
2001-03-01,FMA,26.79,-0.43,-0.55
2001-04-01,MAM,27.34,-0.29,-0.41
2001-05-01,AMJ,27.59,-0.19,-0.28
2001-06-01,MJJ,27.53,-0.08,-0.08
2001-07-01,JJA,27.24,-0.05,0.01
2001-08-01,JAS,26.86,-0.13,-0.02
2001-09-01,ASO,26.67,-0.15,-0.05
2001-10-01,SON,26.52,-0.26,-0.18
2001-11-01,OND,26.4,-0.33,-0.27
2001-12-01,NDJ,26.32,-0.32,-0.32
2002-01-01,DJF,26.46,-0.15,-0.16
2002-02-01,JFM,26.86,0.07,0.01
2002-03-01,FMA,27.34,0.11,0.03
2002-04-01,MAM,27.78,0.15,0.05
2002-05-01,AMJ,28.08,0.3,0.22
2002-06-01,MJJ,28.05,0.45,0.44
2002-07-01,JJA,27.85,0.57,0.64
2002-08-01,JAS,27.62,0.63,0.8
2002-09-01,ASO,27.6,0.78,0.97
2002-10-01,SON,27.77,0.99,1.18
2002-11-01,OND,27.92,1.19,1.33
2002-12-01,NDJ,27.72,1.08,1.13
2003-01-01,DJF,27.51,0.9,0.85
2003-02-01,JFM,27.39,0.59,0.47
2003-03-01,FMA,27.61,0.38,0.23
2003-04-01,MAM,27.62,-0.01,-0.19
2003-05-01,AMJ,27.6,-0.18,-0.34
2003-06-01,MJJ,27.47,-0.13,-0.24
2003-07-01,JJA,27.38,0.09,0.04
2003-08-01,JAS,27.13,0.14,0.09
2003-09-01,ASO,27.05,0.23,0.17
2003-10-01,SON,27.0,0.23,0.17
2003-11-01,OND,27.02,0.29,0.25
2003-12-01,NDJ,26.93,0.29,0.22
2004-01-01,DJF,26.95,0.34,0.23
2004-02-01,JFM,27.06,0.27,0.12
2004-03-01,FMA,27.41,0.19,0.07
2004-04-01,MAM,27.72,0.1,0.09
2004-05-01,AMJ,27.9,0.12,0.18
2004-06-01,MJJ,27.83,0.22,0.36
2004-07-01,JJA,27.67,0.39,0.54
2004-08-01,JAS,27.53,0.54,0.69
2004-09-01,ASO,27.4,0.58,0.71
2004-10-01,SON,27.38,0.61,0.7
2004-11-01,OND,27.37,0.64,0.7
2004-12-01,NDJ,27.34,0.71,0.69
2005-01-01,DJF,27.23,0.62,0.54
2005-02-01,JFM,27.35,0.55,0.4
2005-03-01,FMA,27.62,0.4,0.26
2005-04-01,MAM,27.99,0.37,0.25
2005-05-01,AMJ,28.05,0.27,0.2
2005-06-01,MJJ,27.7,0.09,0.05
2005-07-01,JJA,27.24,-0.04,-0.06
2005-08-01,JAS,26.85,-0.14,-0.11
2005-09-01,ASO,26.71,-0.11,-0.04
2005-10-01,SON,26.5,-0.27,-0.18
2005-11-01,OND,26.16,-0.57,-0.5
2005-12-01,NDJ,25.86,-0.82,-0.81
2006-01-01,DJF,25.83,-0.86,-0.9
2006-02-01,JFM,26.11,-0.8,-0.87
2006-03-01,FMA,26.71,-0.63,-0.69
2006-04-01,MAM,27.28,-0.45,-0.49
2006-05-01,AMJ,27.69,-0.19,-0.19
2006-06-01,MJJ,27.63,-0.05,-0.05
2006-07-01,JJA,27.45,0.12,0.15
2006-08-01,JAS,27.32,0.33,0.36
2006-09-01,ASO,27.34,0.54,0.57
2006-10-01,SON,27.47,0.71,0.73
2006-11-01,OND,27.6,0.88,0.91
2006-12-01,NDJ,27.55,0.88,0.89
2007-01-01,DJF,27.3,0.62,0.6
2007-02-01,JFM,27.1,0.19,0.16
2007-03-01,FMA,27.22,-0.12,-0.15
2007-04-01,MAM,27.41,-0.32,-0.33
2007-05-01,AMJ,27.54,-0.34,-0.36
2007-06-01,MJJ,27.27,-0.41,-0.44
2007-07-01,JJA,26.84,-0.49,-0.5
2007-08-01,JAS,26.22,-0.77,-0.79
2007-09-01,ASO,25.75,-1.05,-1.04
2007-10-01,SON,25.38,-1.38,-1.33
2007-11-01,OND,25.15,-1.57,-1.49
2007-12-01,NDJ,24.95,-1.72,-1.65
2008-01-01,DJF,24.92,-1.76,-1.73
2008-02-01,JFM,25.29,-1.61,-1.62
2008-03-01,FMA,25.97,-1.37,-1.39
2008-04-01,MAM,26.69,-1.05,-1.04
2008-05-01,AMJ,27.03,-0.85,-0.8
2008-06-01,MJJ,27.13,-0.56,-0.46
2008-07-01,JJA,26.99,-0.33,-0.24
2008-08-01,JAS,26.78,-0.2,-0.17
2008-09-01,ASO,26.55,-0.25,-0.26
2008-10-01,SON,26.4,-0.36,-0.38
2008-11-01,OND,26.15,-0.57,-0.6
2008-12-01,NDJ,25.87,-0.79,-0.86
2009-01-01,DJF,25.79,-0.89,-0.96
2009-02-01,JFM,26.07,-0.84,-0.92
2009-03-01,FMA,26.71,-0.63,-0.7
2009-04-01,MAM,27.38,-0.35,-0.43
2009-05-01,AMJ,27.91,0.03,-0.05
2009-06-01,MJJ,28.03,0.34,0.24
2009-07-01,JJA,27.82,0.5,0.35
2009-08-01,JAS,27.55,0.56,0.42
2009-09-01,ASO,27.46,0.66,0.53
2009-10-01,SON,27.68,0.92,0.86
2009-11-01,OND,28.02,1.31,1.29
2009-12-01,NDJ,28.16,1.5,1.5
2010-01-01,DJF,28.15,1.47,1.44
2010-02-01,JFM,28.11,1.21,1.11
2010-03-01,FMA,28.22,0.88,0.69
2010-04-01,MAM,28.11,0.38,0.1
2010-05-01,AMJ,27.72,-0.16,-0.5
2010-06-01,MJJ,27.03,-0.66,-0.97
2010-07-01,JJA,26.34,-0.98,-1.21
2010-08-01,JAS,25.74,-1.24,-1.39
2010-09-01,ASO,25.37,-1.43,-1.54
2010-10-01,SON,25.21,-1.54,-1.61
2010-11-01,OND,25.14,-1.57,-1.63
2010-12-01,NDJ,25.14,-1.48,-1.55
2011-01-01,DJF,25.28,-1.29,-1.42
2011-02-01,JFM,25.72,-1.06,-1.21
2011-03-01,FMA,26.37,-0.85,-0.97
2011-04-01,MAM,26.95,-0.68,-0.76
2011-05-01,AMJ,27.29,-0.5,-0.52
2011-06-01,MJJ,27.29,-0.34,-0.29
2011-07-01,JJA,26.92,-0.37,-0.29
2011-08-01,JAS,26.45,-0.5,-0.41
2011-09-01,ASO,26.0,-0.76,-0.7
2011-10-01,SON,25.77,-0.94,-0.91
2011-11-01,OND,25.63,-1.02,-1.02
2011-12-01,NDJ,25.64,-0.92,-0.96
2012-01-01,DJF,25.84,-0.71,-0.77
2012-02-01,JFM,26.22,-0.56,-0.6
2012-03-01,FMA,26.79,-0.44,-0.5
2012-04-01,MAM,27.29,-0.35,-0.42
2012-05-01,AMJ,27.62,-0.18,-0.26
2012-06-01,MJJ,27.66,0.03,0.01
2012-07-01,JJA,27.57,0.28,0.33
2012-08-01,JAS,27.35,0.39,0.43
2012-09-01,ASO,27.13,0.37,0.37
2012-10-01,SON,26.99,0.28,0.21
2012-11-01,OND,26.78,0.13,-0.03
2012-12-01,NDJ,26.53,-0.03,-0.27
2013-01-01,DJF,26.3,-0.24,-0.55
2013-02-01,JFM,26.5,-0.28,-0.57
2013-03-01,FMA,27.0,-0.23,-0.49
2013-04-01,MAM,27.43,-0.2,-0.44
2013-05-01,AMJ,27.49,-0.3,-0.48
2013-06-01,MJJ,27.24,-0.38,-0.48
2013-07-01,JJA,26.84,-0.45,-0.48
2013-08-01,JAS,26.61,-0.34,-0.38
2013-09-01,ASO,26.45,-0.32,-0.38
2013-10-01,SON,26.57,-0.14,-0.22
2013-11-01,OND,26.53,-0.12,-0.23
2013-12-01,NDJ,26.45,-0.11,-0.27
2014-01-01,DJF,26.31,-0.24,-0.43
2014-02-01,JFM,26.57,-0.21,-0.38
2014-03-01,FMA,27.21,-0.02,-0.15
2014-04-01,MAM,27.88,0.25,0.11
2014-05-01,AMJ,28.14,0.35,0.15
2014-06-01,MJJ,27.84,0.22,0.0
2014-07-01,JJA,27.36,0.07,-0.14
2014-08-01,JAS,27.03,0.07,-0.09
2014-09-01,ASO,27.0,0.24,0.06
2014-10-01,SON,27.22,0.51,0.35
2014-11-01,OND,27.35,0.7,0.54
2014-12-01,NDJ,27.36,0.8,0.62
2015-01-01,DJF,27.28,0.73,0.54
2015-02-01,JFM,27.43,0.65,0.47
2015-03-01,FMA,27.95,0.72,0.59
2015-04-01,MAM,28.49,0.86,0.72
2015-05-01,AMJ,28.83,1.04,0.89
2015-06-01,MJJ,28.82,1.19,1.02
2015-07-01,JJA,28.73,1.44,1.27
2015-08-01,JAS,28.69,1.73,1.54
2015-09-01,ASO,28.79,2.02,1.8
2015-10-01,SON,28.99,2.28,2.03
2015-11-01,OND,29.1,2.45,2.18
2015-12-01,NDJ,29.15,2.59,2.25
2016-01-01,DJF,29.05,2.5,2.14
2016-02-01,JFM,28.99,2.21,1.81
2016-03-01,FMA,28.92,1.69,1.3
2016-04-01,MAM,28.74,1.11,0.65
2016-05-01,AMJ,28.37,0.57,0.08
2016-06-01,MJJ,27.72,0.09,-0.43
2016-07-01,JJA,27.1,-0.19,-0.7
2016-08-01,JAS,26.62,-0.34,-0.81
2016-09-01,ASO,26.34,-0.42,-0.88
2016-10-01,SON,26.2,-0.51,-0.96
2016-11-01,OND,26.16,-0.49,-0.96
2016-12-01,NDJ,26.19,-0.37,-0.89
2017-01-01,DJF,26.47,-0.08,-0.6
2017-02-01,JFM,26.86,0.08,-0.44
2017-03-01,FMA,27.5,0.27,-0.18
2017-04-01,MAM,27.95,0.32,-0.1
2017-05-01,AMJ,28.15,0.35,-0.02
2017-06-01,MJJ,27.94,0.32,-0.04
2017-07-01,JJA,27.43,0.14,-0.23
2017-08-01,JAS,26.89,-0.07,-0.46
2017-09-01,ASO,26.54,-0.23,-0.62
2017-10-01,SON,26.27,-0.44,-0.82
2017-11-01,OND,26.04,-0.61,-0.97
2017-12-01,NDJ,25.8,-0.76,-1.14
2018-01-01,DJF,25.83,-0.71,-1.08
2018-02-01,JFM,26.11,-0.67,-1.04
2018-03-01,FMA,26.68,-0.55,-0.9
2018-04-01,MAM,27.28,-0.35,-0.69
2018-05-01,AMJ,27.72,-0.07,-0.33
2018-06-01,MJJ,27.76,0.13,-0.02
2018-07-01,JJA,27.49,0.2,0.08
2018-08-01,JAS,27.25,0.3,0.16
2018-09-01,ASO,27.28,0.52,0.35
2018-10-01,SON,27.53,0.82,0.62
2018-11-01,OND,27.69,1.04,0.82
2018-12-01,NDJ,27.61,1.05,0.78
2019-01-01,DJF,27.54,0.99,0.68
2019-02-01,JFM,27.72,0.94,0.64
2019-03-01,FMA,28.1,0.87,0.57
2019-04-01,MAM,28.45,0.82,0.53
2019-05-01,AMJ,28.5,0.71,0.37
2019-06-01,MJJ,28.21,0.59,0.24
2019-07-01,JJA,27.67,0.38,0.04
2019-08-01,JAS,27.16,0.2,-0.12
2019-09-01,ASO,27.07,0.31,-0.01
2019-10-01,SON,27.22,0.51,0.15
2019-11-01,OND,27.37,0.72,0.29
2019-12-01,NDJ,27.31,0.75,0.22
2020-01-01,DJF,27.25,0.71,0.14
2020-02-01,JFM,27.44,0.66,0.1
2020-03-01,FMA,27.8,0.57,0.02
2020-04-01,MAM,27.97,0.33,-0.25
2020-05-01,AMJ,27.83,0.04,-0.55
2020-06-01,MJJ,27.45,-0.18,-0.72
2020-07-01,JJA,27.0,-0.29,-0.76
2020-08-01,JAS,26.52,-0.43,-0.85
2020-09-01,ASO,25.99,-0.77,-1.16
2020-10-01,SON,25.71,-1.0,-1.37
2020-11-01,OND,25.54,-1.11,-1.46
2020-12-01,NDJ,25.5,-1.06,-1.39
2021-01-01,DJF,25.55,-0.99,-1.32
2021-02-01,JFM,25.92,-0.85,-1.18
2021-03-01,FMA,26.48,-0.74,-1.08
2021-04-01,MAM,27.07,-0.56,-0.89
2021-05-01,AMJ,27.39,-0.4,-0.68
2021-06-01,MJJ,27.31,-0.31,-0.57
2021-07-01,JJA,26.95,-0.35,-0.6
2021-08-01,JAS,26.49,-0.46,-0.76
2021-09-01,ASO,26.13,-0.64,-0.95
2021-10-01,SON,25.94,-0.77,-1.08
2021-11-01,OND,25.74,-0.91,-1.24
2021-12-01,NDJ,25.73,-0.83,-1.22
2022-01-01,DJF,25.79,-0.76,-1.18
2022-02-01,JFM,26.09,-0.68,-1.13
2022-03-01,FMA,26.46,-0.77,-1.19
2022-04-01,MAM,26.77,-0.86,-1.26
2022-05-01,AMJ,26.96,-0.83,-1.17
2022-06-01,MJJ,26.9,-0.73,-0.95
2022-07-01,JJA,26.59,-0.7,-0.86
2022-08-01,JAS,26.18,-0.78,-0.94
2022-09-01,ASO,25.89,-0.87,-1.07
2022-10-01,SON,25.82,-0.89,-1.1
2022-11-01,OND,25.83,-0.82,-1.05
2022-12-01,NDJ,25.86,-0.7,-0.99
2023-01-01,DJF,26.0,-0.55,-0.86
2023-02-01,JFM,26.45,-0.33,-0.68
2023-03-01,FMA,27.12,-0.11,-0.55
2023-04-01,MAM,27.82,0.19,-0.31
2023-05-01,AMJ,28.25,0.46,-0.04
2023-06-01,MJJ,28.36,0.73,0.28
2023-07-01,JJA,28.29,1.0,0.54
2023-08-01,JAS,28.21,1.25,0.79
2023-09-01,ASO,28.26,1.5,1.04
2023-10-01,SON,28.45,1.74,1.3
2023-11-01,OND,28.55,1.9,1.42
2023-12-01,NDJ,28.55,1.99,1.4
2024-01-01,DJF,28.38,1.84,1.13
2024-02-01,JFM,28.3,1.53,0.78
2024-03-01,FMA,28.4,1.18,0.42
2024-04-01,MAM,28.4,0.77,0.04
2024-05-01,AMJ,28.23,0.43,-0.28
2024-06-01,MJJ,27.8,0.18,-0.45
2024-07-01,JJA,27.35,0.06,-0.49
2024-08-01,JAS,26.92,-0.04,-0.56
2024-09-01,ASO,26.64,-0.12,-0.67
2024-10-01,SON,26.52,-0.19,-0.76
2024-11-01,OND,26.35,-0.29,-0.88
2024-12-01,NDJ,26.13,-0.43,-1.05
2025-01-01,DJF,26.09,-0.46,-1.1
2025-02-01,JFM,26.56,-0.22,-0.85
2025-03-01,FMA,27.15,-0.08,-0.66
2025-04-01,MAM,27.65,0.02,-0.5
2025-05-01,AMJ,27.76,-0.04,-0.48
2025-06-01,MJJ,27.61,-0.02,-0.36
2025-07-01,JJA,27.18,-0.11,-0.41
2025-08-01,JAS,26.7,-0.26,-0.59
2025-09-01,ASO,26.33,-0.43,-0.78
2025-10-01,SON,26.14,-0.57,-0.93
2025-11-01,OND,26.04,-0.61,-0.98
2025-12-01,NDJ,25.96,-0.6,-1.04
2026-01-01,DJF,26.15,-0.39,-0.91
2026-02-01,JFM,26.57,-0.21,-0.76
2026-03-01,FMA,27.34,0.11,-0.44
2026-04-01,MAM,28.09,0.46,-0.04
2026-05-01,AMJ,28.74,0.95,0.49
2026-06-01,MJJ,29.02,1.39,0.97
2026-07-01,JJA,29.09,1.8,1.36
